,Injection Rate,Pressure,Temperature,Permeability,Flow Rate
Injection Rate,1.0,0.023819751958244255,0.05798171670973585,-0.014964850466001888,0.008240364483981829
Pressure,0.023819751958244255,1.0,0.040765016146402114,0.009606451603439209,0.5374504260351833
Temperature,0.05798171670973585,0.040765016146402114,1.0,0.030578593074033524,0.054920106532208225
Permeability,-0.014964850466001888,0.009606451603439209,0.030578593074033524,1.0,0.7746428466807441
Flow Rate,0.008240364483981829,0.5374504260351833,0.054920106532208225,0.7746428466807441,1.0
