,Injection Rate,Pressure,Temperature,Permeability,Flow Rate
count,1000.0,1000.0,1000.0,1000.0,1000.0
mean,120.28998083733488,3.766419624855337,30.101986814955875,14.694060918086379,40777.813024922776
std,14.688239072695135,1.2976057577909168,6.782581345888556,10.268637126267384,35760.238520202525
min,71.38098989896392,1.5144821862192541,8.863414909254224,2.024491215651785,2482.4113169765437
25%,110.28614541806472,2.612396014372137,25.50129593529072,7.870522699153439,16379.544812713406
50%,120.37950918352333,3.822567126320573,30.048520511158607,11.956207212555498,31154.418548977934
75%,129.71915813209395,4.858433843576132,34.66214919987704,18.35235364781129,53339.005996718144
max,177.7909723598208,5.997361765968,51.964239735619955,128.47606518852115,338642.2155941914
